City_ID,City,Country,Date,Lat,Lng,Max Temp,Humidity,Cloudiness,Wind Speed
0,Broken Hill,AU,2021-01-17 01:19:12,-31.95,141.4333,68.0,45,93,16.11
1,Kirakira,SB,2021-01-17 01:20:27,-10.4544,161.9205,86.16,66,100,7.23
2,Cherskiy,RU,2021-01-17 01:18:49,68.75,161.3,-21.89,87,100,3.22
3,Samarai,PG,2021-01-17 01:20:27,-10.6167,150.6667,85.62,73,100,18.79
4,Katsuura,JP,2021-01-17 01:18:51,35.1333,140.3,46.0,52,100,4.0
5,Vardo,NO,2021-01-17 01:18:53,70.3705,31.1107,34.86,86,100,20.2
6,Tiksi,RU,2021-01-17 01:18:51,71.6872,128.8694,-17.43,89,100,11.74
7,Aktash,RU,2021-01-17 01:20:27,50.3,87.7333,5.81,77,95,6.51
8,Butaritari,KI,2021-01-17 01:18:41,3.0707,172.7902,81.09,74,66,20.07
9,Hobart,AU,2021-01-17 01:18:42,-42.8794,147.3294,62.6,45,75,23.02
10,Cacapava Do Sul,BR,2021-01-17 01:20:27,-30.5122,-53.4914,70.21,100,60,2.08
11,Zhangye,CN,2021-01-17 01:20:27,38.9342,100.4517,13.95,70,0,4.9
12,Ushuaia,AR,2021-01-17 01:18:41,-54.8,-68.3,50.0,93,75,23.02
13,Tasiilaq,GL,2021-01-17 01:18:55,65.6145,-37.6368,30.2,93,90,3.6
14,Saint-Philippe,RE,2021-01-17 01:18:51,-21.3585,55.7679,77.0,78,0,5.75
15,Yellowknife,CA,2021-01-17 01:14:02,62.456,-114.3525,-4.0,77,90,6.91
16,Victoria,HK,2021-01-17 01:14:33,22.2855,114.1577,60.01,58,84,1.01
17,Chuy,UY,2021-01-17 01:18:49,-33.6971,-53.4616,69.82,89,67,6.93
18,Touba,CI,2021-01-17 01:20:28,8.2833,-7.6833,72.48,20,90,2.04
19,Basco,PH,2021-01-17 01:20:28,20.4487,121.9702,71.38,82,95,41.34
20,Dikson,RU,2021-01-17 01:18:56,73.5069,80.5464,-29.88,81,3,10.65
21,Pochutla,MX,2021-01-17 01:20:28,15.7432,-96.4661,82.4,57,1,11.5
22,Kapaa,US,2021-01-17 01:16:31,22.0752,-159.319,80.01,73,20,8.05
23,Hamilton,US,2021-01-17 01:19:09,39.1834,-84.5333,34.0,86,90,11.5
24,Cockburn Town,TC,2021-01-17 01:17:06,21.4612,-71.1419,77.0,83,75,1.14
25,Nizhniy Kuranakh,RU,2021-01-17 01:20:28,58.8353,125.4869,-41.58,78,96,1.68
26,Castro,BR,2021-01-17 01:18:51,-24.7911,-50.0119,65.88,97,100,4.7
27,Thompson,CA,2021-01-17 01:16:36,55.7435,-97.8558,6.8,78,90,20.71
28,Norman Wells,CA,2021-01-17 01:18:45,65.282,-126.8329,-5.8,84,20,4.61
29,Anadyr,RU,2021-01-17 01:20:28,64.75,177.4833,-7.01,77,0,4.47
30,Vaini,TO,2021-01-17 01:18:43,-21.2,-175.2,87.8,79,75,11.5
31,Albany,US,2021-01-17 01:15:23,42.6001,-73.9662,37.0,70,100,1.01
32,Bluff,NZ,2021-01-17 01:18:42,-46.6,168.3333,56.95,83,100,10.18
33,Vila Franca Do Campo,PT,2021-01-17 01:18:55,37.7167,-25.4333,62.01,94,75,13.8
34,Marquette,US,2021-01-17 01:16:43,46.5333,-87.6335,28.0,89,100,10.2
35,Marawi,PH,2021-01-17 01:20:28,7.9986,124.2928,79.0,88,100,2.82
36,Senneterre,CA,2021-01-17 01:20:28,48.3835,-77.2328,26.6,100,90,14.97
37,Lavrentiya,RU,2021-01-17 01:18:58,65.5833,-171.0,-10.1,85,99,9.78
38,Bredasdorp,ZA,2021-01-17 01:18:48,-34.5322,20.0403,59.0,88,0,4.61
39,Itea,GR,2021-01-17 01:20:29,38.4333,22.4167,37.99,81,93,7.25
40,Bethel,US,2021-01-17 01:18:58,41.3712,-73.414,36.0,69,20,8.05
41,Barabash,RU,2021-01-17 01:20:29,43.2,131.4833,-13.0,77,10,4.47
42,Ust-Kuyga,RU,2021-01-17 01:19:08,70.0167,135.6,-20.79,85,100,3.38
43,Qidong,CN,2021-01-17 01:20:29,31.8128,121.6561,39.0,46,0,4.0
44,Bambous Virieux,MU,2021-01-17 01:18:43,-20.3428,57.7575,80.01,83,40,10.36
45,Jamestown,US,2021-01-17 01:18:49,42.097,-79.2353,32.0,86,90,17.27
46,Luderitz,NA,2021-01-17 01:18:46,-26.6481,15.1594,63.39,76,0,12.66
47,Tibati,CM,2021-01-17 01:20:29,6.4667,12.6333,61.38,32,74,3.02
48,Fairview,US,2021-01-17 01:20:29,40.8126,-73.999,39.99,65,1,9.22
49,Barrow,US,2021-01-17 01:18:47,71.2906,-156.7887,-0.4,78,90,19.57
50,Carnarvon,AU,2021-01-17 01:18:43,-24.8667,113.6333,93.2,46,96,16.11
51,Naze,JP,2021-01-17 01:18:56,28.3667,129.4833,59.0,58,75,18.41
52,Flin Flon,CA,2021-01-17 01:18:53,54.7682,-101.865,12.2,79,75,20.71
53,Rikitea,PF,2021-01-17 01:18:41,-23.1203,-134.9692,79.05,69,58,7.74
54,Shaunavon,CA,2021-01-17 01:20:29,49.6501,-108.4181,21.2,73,0,8.05
55,Bantogon,PH,2021-01-17 01:20:29,6.5333,124.0333,77.04,88,100,2.57
56,Seabra,BR,2021-01-17 01:20:29,-12.4186,-41.7703,65.95,93,100,5.64
57,Cobija,BO,2021-01-17 01:20:29,-11.0267,-68.7692,76.46,85,29,4.88
58,Guanare,VE,2021-01-17 01:20:29,9.0418,-69.7421,75.33,64,11,3.36
59,Puerto Ayora,EC,2021-01-17 01:18:41,-0.7393,-90.3518,75.0,93,63,1.99
60,Kruisfontein,ZA,2021-01-17 01:19:10,-34.0033,24.7314,66.0,79,0,3.0
61,Hermanus,ZA,2021-01-17 01:18:41,-34.4187,19.2345,61.0,89,0,4.81
62,Punta Arenas,CL,2021-01-17 01:18:41,-53.15,-70.9167,51.8,82,75,11.5
63,Cabo San Lucas,MX,2021-01-17 01:18:52,22.8909,-109.9124,75.2,33,1,5.75
64,Douentza,ML,2021-01-17 01:20:30,14.9951,-2.9517,64.49,24,90,6.73
65,Hambantota,LK,2021-01-17 01:18:51,6.1241,81.1185,71.6,100,40,3.44
66,Qaanaaq,GL,2021-01-17 01:18:42,77.484,-69.3632,4.3,82,21,5.48
67,Jaen,ES,2021-01-17 01:20:30,38.0,-3.5,34.68,82,0,5.44
68,Ribeira Grande,PT,2021-01-17 01:18:43,38.5167,-28.7,62.53,92,100,27.54
69,Rocha,UY,2021-01-17 01:20:30,-34.4833,-54.3333,66.88,93,89,6.71
70,Esperance,AU,2021-01-17 01:18:41,-33.8667,121.9,68.0,45,40,11.5
71,Chokurdakh,RU,2021-01-17 01:18:43,70.6333,147.9167,-17.09,88,100,12.84
72,Anchorage,US,2021-01-17 01:15:02,61.2181,-149.9003,32.0,74,90,3.44
73,Geraldton,AU,2021-01-17 01:19:12,-28.7667,114.6,80.6,47,90,20.71
74,The Pas,CA,2021-01-17 01:20:30,53.8251,-101.2541,17.6,86,90,12.66
75,Port Alfred,ZA,2021-01-17 01:17:09,-33.5906,26.891,64.99,93,38,3.0
76,Beloha,MG,2021-01-17 01:19:13,-25.1667,45.05,75.31,74,82,2.95
77,Coffs Harbour,AU,2021-01-17 01:19:55,-30.3,153.1333,82.99,54,21,8.05
78,Codrington,AU,2021-01-17 01:18:51,-38.2667,141.9667,61.65,53,3,10.29
79,Anloga,GH,2021-01-17 01:19:00,5.7947,0.8973,82.4,83,40,9.22
80,Nelson Bay,AU,2021-01-17 01:20:30,-32.7167,152.15,77.0,41,0,13.8
81,Menemen,TR,2021-01-17 01:20:30,38.6075,27.0694,37.4,81,40,11.5
82,Mar Del Plata,AR,2021-01-17 01:18:50,-38.0023,-57.5575,64.99,77,90,6.91
83,Necochea,AR,2021-01-17 01:19:09,-38.5473,-58.7368,62.01,80,77,13.58
84,Avarua,CK,2021-01-17 01:18:43,-21.2078,-159.775,86.0,70,59,8.05
85,Kismayo,SO,2021-01-17 01:20:30,-0.3582,42.5454,76.23,86,20,11.77
86,Sur,OM,2021-01-17 01:18:51,22.5667,59.5289,65.35,65,0,3.29
87,Tucumcari,US,2021-01-17 01:20:30,35.1717,-103.725,39.2,41,1,5.75
88,Pisco,PE,2021-01-17 01:14:19,-13.7,-76.2167,69.8,78,0,18.41
89,Korla,CN,2021-01-17 01:19:10,41.7597,86.1469,14.52,83,0,6.98
90,Benoy,TD,2021-01-17 01:20:30,8.9833,16.3199,69.49,24,6,4.68
91,Souillac,MU,2021-01-17 01:20:30,-20.5167,57.5167,78.8,83,40,10.36
92,Byron Bay,AU,2021-01-17 01:20:31,-28.65,153.6167,80.6,47,16,11.5
93,Pangnirtung,CA,2021-01-17 01:19:10,66.1451,-65.7125,12.0,91,100,1.07
94,Troy,US,2021-01-17 01:20:31,42.6056,-83.1499,32.0,80,90,8.05
95,Kolyvan,RU,2021-01-17 01:20:31,55.3053,82.7391,12.2,57,0,11.18
96,Busselton,AU,2021-01-17 01:18:42,-33.65,115.3333,73.99,48,0,3.0
97,Letlhakane,BW,2021-01-17 01:16:19,-21.4167,25.5833,72.43,83,100,9.22
98,Peace River,CA,2021-01-17 01:17:38,56.2501,-117.286,28.4,69,75,12.66
99,Provideniya,RU,2021-01-17 01:18:45,64.3833,-173.3,1.4,66,40,8.95
100,Saint George,US,2021-01-17 01:16:01,37.1041,-113.5841,57.2,28,1,9.22
101,Leglise,BE,2021-01-17 01:20:31,49.7999,5.5365,26.01,98,100,4.99
102,Pinawa,CA,2021-01-17 01:20:31,50.1489,-95.8811,10.65,96,51,3.22
103,Plettenberg Bay,ZA,2021-01-17 01:18:53,-34.0527,23.3716,66.33,79,73,7.45
104,Constitucion,CL,2021-01-17 01:18:57,-35.3333,-72.4167,59.31,72,0,14.79
105,Ponta Do Sol,PT,2021-01-17 01:18:43,32.6667,-17.1,55.0,64,35,1.99
106,Maku,IR,2021-01-17 01:20:31,39.2911,44.4521,32.09,83,15,3.69
107,Bundaberg,AU,2021-01-17 01:20:31,-24.85,152.35,89.01,54,40,9.22
108,Synya,RU,2021-01-17 01:20:31,65.3718,58.0387,-13.45,89,18,6.62
109,Namibe,AO,2021-01-17 01:18:41,-15.1961,12.1522,72.79,73,73,6.2
110,Sari,IR,2021-01-17 01:19:54,36.5633,53.0601,49.84,49,100,3.38
111,Fairbanks,US,2021-01-17 01:19:08,64.8378,-147.7164,14.0,84,1,3.62
112,Cap Malheureux,MU,2021-01-17 01:20:32,-19.9842,57.6142,80.01,82,86,5.01
113,Atuona,PF,2021-01-17 01:18:42,-9.8,-139.0333,77.59,76,2,14.14
114,Lagoa,PT,2021-01-17 01:19:09,39.05,-27.9833,61.38,95,100,14.45
115,Talas,TR,2021-01-17 01:20:32,38.6908,35.5538,37.4,81,75,4.61
116,Oron,NG,2021-01-17 01:20:32,4.8256,8.2343,78.53,86,99,2.82
117,Shimoda,JP,2021-01-17 01:17:00,34.6667,138.95,50.0,62,75,9.22
118,Upernavik,GL,2021-01-17 01:18:50,72.7868,-56.1549,10.53,82,0,7.87
119,Cape Coast,GH,2021-01-17 01:20:32,5.1053,-1.2466,78.91,85,87,7.45
120,East London,ZA,2021-01-17 01:18:42,-33.0153,27.9116,69.26,69,19,18.52
121,Port Macquarie,AU,2021-01-17 01:15:44,-31.4333,152.9167,84.0,31,22,1.99
122,Igarka,RU,2021-01-17 01:20:32,67.4667,86.5833,-18.62,81,100,9.46
123,Tautira,PF,2021-01-17 01:18:58,-17.7333,-149.15,87.8,58,40,3.44
124,Kyren,RU,2021-01-17 01:18:54,51.6828,102.1408,0.86,81,91,1.36
125,Chernyshevskiy,RU,2021-01-17 01:20:32,63.0128,112.4714,-42.02,82,100,3.65
126,Mattru,SL,2021-01-17 01:20:32,7.6244,-11.8332,74.52,92,100,1.32
127,Ambon,ID,2021-01-17 01:20:32,-3.6954,128.1814,80.6,83,40,3.44
128,Beyneu,KZ,2021-01-17 01:18:54,45.3167,55.2,30.24,93,99,12.86
129,Wana,PK,2021-01-17 01:20:33,32.2989,69.5725,44.02,45,0,0.87
130,Zhigansk,RU,2021-01-17 01:19:06,66.7697,123.3711,-35.05,82,100,6.11
131,Port Hardy,CA,2021-01-17 01:19:08,50.6996,-127.4199,44.6,87,90,17.27
132,Leningradskiy,RU,2021-01-17 01:19:06,69.3833,178.4167,-21.53,86,99,2.39
133,New Norfolk,AU,2021-01-17 01:18:45,-42.7826,147.0587,61.0,61,100,5.99
134,Hay River,CA,2021-01-17 01:17:45,60.8156,-115.7999,5.0,78,95,1.14
135,Hirara,JP,2021-01-17 01:19:12,24.8,125.2833,60.8,77,75,19.57
136,Channagiri,IN,2021-01-17 01:20:33,14.0333,75.9333,68.54,76,0,5.79
137,Payyannur,IN,2021-01-17 01:20:33,12.1,75.2,75.07,86,0,2.86
138,Quelimane,MZ,2021-01-17 01:20:33,-17.8786,36.8883,77.52,85,1,3.71
139,Kavaratti,IN,2021-01-17 01:19:12,10.5669,72.642,81.41,76,0,6.53
140,Mareeba,AU,2021-01-17 01:19:01,-17.0,145.4333,84.2,74,90,10.36
141,Labuhan,ID,2021-01-17 01:19:10,-6.8844,112.2051,81.0,79,100,6.31
142,Solnechnyy,RU,2021-01-17 01:20:33,50.7214,136.6319,-10.59,86,100,2.91
143,Havelock,US,2021-01-17 01:16:07,34.8791,-76.9013,43.0,87,1,6.91
144,Banes,CU,2021-01-17 01:20:33,20.9625,-75.7186,77.0,69,20,4.61
145,Masindi,UG,2021-01-17 01:20:33,1.6744,31.715,68.18,70,51,3.8
146,Cape Town,ZA,2021-01-17 01:18:02,-33.9258,18.4232,64.0,88,0,6.91
147,Qandala,SO,2021-01-17 01:20:33,11.472,49.8728,73.81,63,0,0.76
148,Yulara,AU,2021-01-17 01:18:44,-25.2406,130.9889,78.8,25,1,18.41
149,Saint-Georges,GD,2021-01-17 01:19:07,12.0564,-61.7485,75.2,94,20,6.91
150,Joensuu,FI,2021-01-17 01:18:53,62.6012,29.7632,10.4,85,90,4.61
151,Half Moon Bay,US,2021-01-17 01:15:59,37.4636,-122.4286,64.99,100,75,10.07
152,Ilulissat,GL,2021-01-17 01:18:45,69.2167,-51.1,15.8,45,4,4.61
153,Severo-Kurilsk,RU,2021-01-17 01:18:43,50.6789,156.125,33.93,94,100,11.36
154,Ormara,PK,2021-01-17 01:18:51,25.2088,64.6357,67.46,57,0,8.34
155,Bijawar,IN,2021-01-17 01:20:33,24.6333,79.5,52.11,44,0,4.97
156,Hilo,US,2021-01-17 01:17:08,19.7297,-155.09,80.6,54,20,11.5
157,Clyde River,CA,2021-01-17 01:18:46,70.4692,-68.5914,3.2,85,90,25.32
158,Karratha,AU,2021-01-17 01:18:54,-20.7377,116.8463,95.74,35,84,13.6
159,Black River,JM,2021-01-17 01:20:33,18.0264,-77.8487,78.8,78,40,5.75
160,Olafsvik,IS,2021-01-17 01:18:41,64.8945,-23.7142,36.41,95,100,17.0
161,Jangaon,IN,2021-01-17 01:20:33,17.7167,79.1833,63.59,83,0,2.3
162,Maumere,ID,2021-01-17 01:20:33,-8.6199,122.2111,82.38,75,98,3.53
163,Andenes,NO,2021-01-17 01:20:33,69.3143,16.1194,33.8,93,40,9.22
164,Cayenne,GF,2021-01-17 01:19:03,4.9333,-52.3333,78.8,89,75,4.61
165,Birjand,IR,2021-01-17 01:20:34,32.8663,59.2211,30.2,29,0,6.91
166,Haines Junction,CA,2021-01-17 01:20:34,60.7522,-137.5108,23.0,93,100,1.14
167,Mucurapo,TT,2021-01-17 01:20:34,10.6667,-61.5333,78.01,83,20,3.44
168,Cavalcante,BR,2021-01-17 01:20:34,-13.7975,-47.4583,68.85,86,99,2.15
169,Honningsvag,NO,2021-01-17 01:20:34,70.9821,25.9704,37.22,79,99,15.93
170,Nikolskoye,RU,2021-01-17 01:18:45,59.7035,30.7861,12.2,85,90,8.95
171,Huarmey,PE,2021-01-17 01:19:01,-10.0681,-78.1522,71.4,81,100,5.57
172,Kamloops,CA,2021-01-17 01:18:11,50.6665,-120.3192,32.0,80,90,2.3
173,Hasaki,JP,2021-01-17 01:19:11,35.7333,140.8333,42.8,52,75,10.36
174,Rtishchevo,RU,2021-01-17 01:20:34,52.2604,43.7874,-0.2,94,100,11.65
175,Taoudenni,ML,2021-01-17 01:20:34,22.6783,-3.9836,57.2,31,100,14.52
176,Burns Lake,CA,2021-01-17 01:20:34,54.2331,-125.7533,33.8,93,88,1.14
177,Bhag,PK,2021-01-17 01:20:34,29.0415,67.8239,54.93,32,0,0.98
178,The Valley,AI,2021-01-17 01:20:34,18.217,-63.0578,78.01,78,20,5.75
179,Miramar,US,2021-01-17 01:20:34,25.9873,-80.2323,64.4,63,1,5.75
180,Bose,IT,2021-01-17 01:20:34,45.4612,8.0137,30.99,89,70,0.45
181,Kralendijk,BQ,2021-01-17 01:20:34,12.15,-68.2667,77.0,88,40,6.91
182,Narayangarh,IN,2021-01-17 01:20:34,30.4833,77.1333,47.32,67,0,4.5
183,Kumluca,TR,2021-01-17 01:20:35,36.3703,30.2869,53.89,58,69,12.55
184,Dali,CN,2021-01-17 01:20:35,25.7,100.1833,46.2,72,24,3.24
185,Xingyi,CN,2021-01-17 01:20:35,24.1877,102.817,32.63,96,96,8.93
186,Chengde,CN,2021-01-17 01:20:35,40.9725,117.9361,6.96,75,0,0.85
187,Salalah,OM,2021-01-17 01:18:56,17.0151,54.0924,66.2,24,0,6.91
188,Kudahuvadhoo,MV,2021-01-17 01:20:35,2.6708,72.8944,81.55,69,83,9.44
189,Zabol,AF,2021-01-17 01:20:35,32.25,67.25,35.8,66,0,3.27
190,Mataura,NZ,2021-01-17 01:18:41,-46.1927,168.8643,66.02,55,91,9.53
191,Lebu,CL,2021-01-17 01:19:03,-37.6167,-73.65,57.22,84,2,18.28
192,Nicoya,CR,2021-01-17 01:19:06,10.1483,-85.452,82.4,61,0,18.41
193,Sapa,PH,2021-01-17 01:20:35,5.1544,120.3241,76.84,92,100,10.31
194,Khatanga,RU,2021-01-17 01:18:53,71.9667,102.5,-25.92,83,0,7.36
195,Nuevo Progreso,MX,2021-01-17 01:20:35,23.1667,-97.95,64.0,52,75,1.01
196,Kashi,CN,2021-01-17 01:20:35,39.4547,75.9797,17.6,73,0,8.95
197,Nanortalik,GL,2021-01-17 01:19:05,60.1432,-45.2371,24.22,94,100,4.29
198,Husavik,IS,2021-01-17 01:19:00,66.0449,-17.3389,32.0,100,0,2.3
199,Oroville,US,2021-01-17 01:20:35,39.5138,-121.5564,66.2,45,1,2.3
200,Haflong,IN,2021-01-17 01:20:36,25.1833,93.0333,53.42,86,61,1.32
201,Tourlaville,FR,2021-01-17 01:20:36,49.6383,-1.5664,46.99,66,90,10.36
202,San Quintin,MX,2021-01-17 01:18:58,30.4833,-115.95,66.25,39,0,5.08
203,Sao Joao Da Barra,BR,2021-01-17 01:19:00,-21.6403,-41.0511,76.15,84,30,17.18
204,Port Blair,IN,2021-01-17 01:18:42,11.6667,92.75,78.21,70,0,8.68
205,Karasjok,NO,2021-01-17 01:19:00,69.4719,25.5112,33.8,75,20,17.27
206,Glendive,US,2021-01-17 01:20:36,47.1053,-104.7125,37.0,44,1,23.02
207,San Patricio,US,2021-01-17 01:18:50,28.017,-97.5169,55.4,66,20,6.91
208,Aykhal,RU,2021-01-17 01:18:42,66.0,111.5,-35.03,80,100,5.44
209,Nemuro,JP,2021-01-17 01:20:36,43.3236,145.575,19.4,63,40,8.05
210,Vikindu,TZ,2021-01-17 01:20:36,-7.0067,39.2985,75.42,91,12,6.08
211,Saldanha,ZA,2021-01-17 01:18:54,-33.0117,17.9442,60.8,88,0,2.3
212,Kahului,US,2021-01-17 01:18:30,20.8947,-156.47,86.0,48,40,9.22
213,Korfez,TR,2021-01-17 01:20:36,40.7767,29.7297,39.99,100,75,4.61
214,Daru,PG,2021-01-17 01:20:36,-9.0763,143.2092,84.13,77,100,3.47
215,Eirunepe,BR,2021-01-17 01:20:36,-6.6603,-69.8736,75.63,88,96,2.39
216,Plouzane,FR,2021-01-17 01:20:36,48.3833,-4.6167,46.4,71,90,6.91
217,Georgetown,MY,2021-01-17 01:18:44,5.4112,100.3354,80.6,83,20,2.3
218,Juneau,US,2021-01-17 01:20:36,58.3019,-134.4197,41.0,81,90,16.11
219,San Andres,CO,2021-01-17 01:20:06,12.5847,-81.7006,80.6,74,40,6.91
220,Ahuimanu,US,2021-01-17 01:20:36,21.4447,-157.8378,80.6,61,40,3.44
221,Saint-Leu,RE,2021-01-17 01:19:11,-21.15,55.2833,77.0,78,0,5.75
222,Comodoro Rivadavia,AR,2021-01-17 01:17:57,-45.8667,-67.5,59.0,67,20,4.61
223,Ponta Delgada,PT,2021-01-17 01:18:42,37.7333,-25.6667,62.01,94,75,13.8
224,Khorixas,NA,2021-01-17 01:20:37,-20.3667,14.9667,65.8,66,99,6.04
225,Iqaluit,CA,2021-01-17 01:18:56,63.7506,-68.5145,-4.0,77,75,4.61
226,Fortuna,US,2021-01-17 01:18:50,40.5982,-124.1573,51.01,100,90,9.22
227,Mehran,IR,2021-01-17 01:20:37,33.1222,46.1646,39.2,70,75,2.3
228,Acs,HU,2021-01-17 01:20:37,47.7123,18.0113,28.0,86,90,9.22
229,Malanville,BJ,2021-01-17 01:20:37,11.8685,3.3899,69.82,22,40,7.23
230,Mountain Home,US,2021-01-17 01:16:04,43.133,-115.6912,35.6,100,1,3.44
231,Haverfordwest,GB,2021-01-17 01:20:37,51.8017,-4.9691,44.6,76,75,14.97
232,Natalinsk,RU,2021-01-17 01:20:37,56.4739,57.8698,12.27,95,100,7.96
233,Kushima,JP,2021-01-17 01:20:37,31.4583,131.2333,48.2,49,20,19.57
234,Hithadhoo,MV,2021-01-17 01:18:44,-0.6,73.0833,81.07,76,100,12.8
235,Adrar,MR,2021-01-17 01:18:46,20.5022,-10.0711,58.77,26,100,13.11
236,Port Hedland,AU,2021-01-17 01:20:37,-20.3167,118.5667,93.2,33,61,19.57
237,Talnakh,RU,2021-01-17 01:18:50,69.4865,88.3972,-26.18,69,0,7.14
238,Gwadar,PK,2021-01-17 01:20:37,25.1216,62.3254,64.58,61,0,3.71
239,Deputatskiy,RU,2021-01-17 01:18:56,69.3,139.9,-21.26,89,100,2.93
240,Boyle,US,2021-01-17 01:20:37,37.6334,-84.8666,34.0,93,90,10.36
241,Faya,SA,2021-01-17 01:19:05,18.3851,42.4509,51.8,76,0,6.91
242,Torbay,CA,2021-01-17 01:18:49,47.6666,-52.7314,34.0,93,90,18.41
243,Sinnamary,GF,2021-01-17 01:18:48,5.3833,-52.95,78.01,83,85,12.44
244,Eyl,SO,2021-01-17 01:18:46,7.9803,49.8164,71.46,78,0,11.48
245,Acapulco,MX,2021-01-17 01:18:58,16.8634,-99.8901,78.8,83,75,2.3
246,Mahebourg,MU,2021-01-17 01:18:43,-20.4081,57.7,78.8,83,40,10.36
247,Ahipara,NZ,2021-01-17 01:18:42,-35.1667,173.1667,73.35,72,100,14.07
248,Tuktoyaktuk,CA,2021-01-17 01:18:52,69.4541,-133.0374,-0.4,78,90,6.91
249,San Ignacio,BZ,2021-01-17 01:20:38,17.1561,-89.0714,72.0,100,0,1.77
250,Hami,CN,2021-01-17 01:18:59,42.8,93.45,14.14,71,0,2.71
251,Matata,NZ,2021-01-17 01:20:38,-37.8833,176.75,82.99,65,90,5.01
252,Ostrovnoy,RU,2021-01-17 01:18:59,68.0531,39.5131,30.42,98,100,5.97
253,Faanui,PF,2021-01-17 01:18:46,-16.4833,-151.75,81.88,76,0,12.88
254,Sorong,ID,2021-01-17 01:20:38,-0.8833,131.25,81.07,80,100,7.36
255,Port Pirie,AU,2021-01-17 01:20:38,-33.1833,138.0167,68.0,64,75,14.97
256,Corumba,BR,2021-01-17 01:20:39,-19.0092,-57.6533,76.75,86,100,4.27
257,Riyadh,SA,2021-01-17 01:18:20,24.6877,46.7219,59.0,47,0,3.44
258,Osmena,PH,2021-01-17 01:20:39,10.5208,119.9258,79.83,82,100,24.2
259,Urusha,RU,2021-01-17 01:20:39,54.05,122.9,-17.01,87,100,3.42
260,West Odessa,US,2021-01-17 01:20:39,31.8424,-102.4988,55.0,30,1,8.05
261,Kieta,PG,2021-01-17 01:19:05,-6.2167,155.6333,86.07,64,100,6.82
262,Devils Lake,US,2021-01-17 01:20:39,48.1128,-98.8651,27.0,80,1,18.41
263,Oum Hadjer,TD,2021-01-17 01:20:39,13.2954,19.6966,67.44,22,0,9.89
264,Sao Filipe,CV,2021-01-17 01:18:59,14.8961,-24.4956,71.74,75,100,10.2
265,Bitkine,TD,2021-01-17 01:18:09,11.9801,18.2138,66.27,25,0,6.24
266,Roswell,US,2021-01-17 01:15:55,34.0232,-84.3616,37.99,64,75,4.61
267,Kaitangata,NZ,2021-01-17 01:18:44,-46.2817,169.8464,66.0,75,54,4.0
268,Dauphin,CA,2021-01-17 01:20:39,51.1494,-100.0502,24.8,96,20,23.02
269,Loviisa,FI,2021-01-17 01:17:09,60.4566,26.2251,1.4,85,90,3.44
270,Puerto Carreno,CO,2021-01-17 01:19:15,6.189,-67.4859,81.23,63,0,11.77
271,Pevek,RU,2021-01-17 01:18:45,69.7008,170.3133,-20.36,84,43,3.04
272,Uzunovo,RU,2021-01-17 01:20:39,54.5386,38.6173,-0.8,92,100,9.84
273,Dryden,CA,2021-01-17 01:20:39,49.7833,-92.7503,14.0,92,90,3.44
274,Lata,PT,2021-01-17 01:18:52,40.1629,-8.3327,46.0,100,0,3.44
275,Along,IN,2021-01-17 01:20:39,28.1667,94.7667,51.55,76,0,1.57
276,Lunglei,IN,2021-01-17 01:20:39,22.8833,92.7333,45.48,96,100,2.98
277,Batagay-Alyta,RU,2021-01-17 01:20:40,67.8006,130.4114,-30.59,83,100,1.97
278,Rio Gallegos,AR,2021-01-17 01:19:02,-51.6226,-69.2181,59.0,82,40,13.8
279,Yar-Sale,RU,2021-01-17 01:18:50,66.8333,70.8333,-6.83,91,100,10.09
280,Port Elizabeth,ZA,2021-01-17 01:18:49,-33.918,25.5701,68.0,77,0,14.97
281,Praya,CV,2021-01-17 01:20:40,14.9215,-23.5087,69.8,78,40,18.41
282,Cherepovets,RU,2021-01-17 01:19:13,59.1333,37.9,-10.48,89,4,8.16
283,Lyubim,RU,2021-01-17 01:20:40,58.3625,40.6843,-9.15,89,100,7.74
284,Derzhavinsk,KZ,2021-01-17 01:20:40,51.1,66.3167,9.0,95,54,11.7
285,Puksoozero,RU,2021-01-17 01:20:40,62.5903,40.6066,-10.61,91,66,2.06
286,Monrovia,LR,2021-01-17 01:20:40,6.3005,-10.7969,75.2,94,85,5.88
287,Kamaishi,JP,2021-01-17 01:20:40,39.2667,141.8833,32.0,69,75,11.5
288,Chapais,CA,2021-01-17 01:17:45,49.7834,-74.8492,24.8,93,90,11.5
289,Songjianghe,CN,2021-01-17 01:20:40,42.1859,127.479,-0.72,86,73,8.43
290,Bathsheba,BB,2021-01-17 01:18:47,13.2167,-59.5167,78.8,69,20,16.11
291,Saint-Augustin,CA,2021-01-17 01:18:48,51.226,-58.6502,23.32,95,100,5.41
292,Lazaro Cardenas,MX,2021-01-17 01:19:00,17.9583,-102.2,76.41,77,97,1.39
293,Phangnga,TH,2021-01-17 01:20:40,8.4509,98.5298,78.8,78,20,8.05
294,Kodiak,US,2021-01-17 01:18:53,57.79,-152.4072,37.4,93,1,7.85
295,Las Varas,MX,2021-01-17 01:20:40,21.1667,-105.1667,69.8,77,40,1.72
296,Albino,IT,2021-01-17 01:20:40,45.7638,9.7964,30.99,80,0,3.44
297,Carmaux,FR,2021-01-17 01:20:40,44.051,2.158,37.0,98,100,4.61
298,Yozgat,TR,2021-01-17 01:20:40,39.5833,35.3333,38.32,83,100,13.65
299,Mosquera,CO,2021-01-17 01:20:41,4.7059,-74.2302,55.4,82,20,6.91
300,Hit,IQ,2021-01-17 01:20:41,33.6416,42.8251,53.28,58,0,5.82
301,Carauari,BR,2021-01-17 01:20:41,-4.8828,-66.8958,75.02,95,100,1.48
302,Luganville,VU,2021-01-17 01:18:58,-15.5333,167.1667,84.33,68,80,5.68
303,Tahta,EG,2021-01-17 01:20:41,26.7693,31.5021,50.0,53,0,5.75
304,Mlalo,TZ,2021-01-17 01:20:41,-4.9333,38.9333,71.82,93,7,6.04
305,Bejar,ES,2021-01-17 01:20:41,40.3864,-5.7634,37.99,59,0,3.87
306,Kalmunai,LK,2021-01-17 01:20:41,7.4167,81.8167,75.27,86,100,5.7
307,Yumen,CN,2021-01-17 01:18:43,40.2833,97.2,18.9,68,0,25.23
308,Zhangzhou,CN,2021-01-17 01:20:41,24.5133,117.6556,55.4,44,0,20.13
309,Airai,TL,2021-01-17 01:18:56,-8.9266,125.4092,64.04,100,100,2.35
310,Narsaq,GL,2021-01-17 01:18:46,60.9167,-46.05,19.4,49,75,4.61
311,Ucluelet,CA,2021-01-17 01:20:25,48.9329,-125.5528,48.0,93,90,4.61
312,Kavieng,PG,2021-01-17 01:18:42,-2.5744,150.7967,84.7,73,29,17.83
313,Oswego,US,2021-01-17 01:19:50,43.4501,-76.1497,36.0,75,90,17.27
314,Zaoyang,CN,2021-01-17 01:20:41,32.1272,112.7542,35.76,69,90,4.47
315,Tukrah,LY,2021-01-17 01:20:41,32.5341,20.5791,55.67,66,100,12.68
316,Farafangana,MG,2021-01-17 01:20:41,-22.8167,47.8333,79.14,84,80,10.89
317,Mecca,SA,2021-01-17 01:19:51,21.4267,39.8261,68.67,73,0,4.92
318,Chagoda,RU,2021-01-17 01:20:42,59.164,35.3285,-7.51,91,4,4.81
319,Turbat,PK,2021-01-17 01:20:42,26.0023,63.044,54.91,44,0,1.3
320,Aklavik,CA,2021-01-17 01:18:56,68.2191,-135.0107,-16.6,76,1,4.61
321,Diego De Almagro,CL,2021-01-17 01:20:42,-26.3667,-70.05,57.27,71,0,2.89
322,Itabaiana,BR,2021-01-17 01:17:21,-10.685,-37.4253,80.6,74,20,10.36
323,Cidreira,BR,2021-01-17 01:18:49,-30.1811,-50.2056,75.74,92,100,15.3
324,Camana,PE,2021-01-17 01:20:42,-16.6228,-72.7111,71.28,75,28,6.96
325,Nola,IT,2021-01-17 01:20:42,40.922,14.5329,35.6,64,20,3.44
326,Fomboni,KM,2021-01-17 01:20:42,-12.28,43.7425,82.26,76,28,7.09
327,Jacareacanga,BR,2021-01-17 01:20:42,-6.2222,-57.7528,77.09,80,24,0.94
328,Lingao,CN,2021-01-17 01:20:42,19.9103,109.6859,66.69,77,59,19.8
329,Touros,BR,2021-01-17 01:19:05,-5.1989,-35.4608,78.8,69,20,10.36
330,Svetlyy,RU,2021-01-17 01:20:42,54.675,20.1347,-2.2,84,0,4.47
331,Lapeer,US,2021-01-17 01:20:42,43.0514,-83.3188,30.2,93,90,8.05
332,Roblin,CA,2021-01-17 01:20:42,51.23,-101.3565,26.4,98,100,14.38
333,Koumac,NC,2021-01-17 01:20:43,-20.5667,164.2833,84.81,75,99,5.35
334,Sainte-Maxime,FR,2021-01-17 01:20:43,43.3,6.6333,42.8,45,98,13.8
335,Garden City,US,2021-01-17 01:20:43,42.3256,-83.331,33.01,80,90,9.22
336,Shelburne,CA,2021-01-17 01:20:43,44.0787,-80.2041,30.99,92,100,13.09
337,Safranbolu,TR,2021-01-17 01:20:43,41.2508,32.6942,27.73,96,99,2.75
338,Aksu,CN,2021-01-17 01:19:06,41.1231,80.2644,10.51,87,0,1.81
339,Dunedin,NZ,2021-01-17 01:20:43,-45.8742,170.5036,69.46,50,54,3.98
340,Petropavlovsk-Kamchatskiy,RU,2021-01-17 01:20:43,53.0452,158.6483,19.4,86,75,13.42
341,Luena,AO,2021-01-17 01:20:43,-11.7833,19.9167,62.06,96,100,4.32
342,Ugoofaaru,MV,2021-01-17 01:20:43,5.6667,73.0,80.87,78,5,7.38
343,Harnai,PK,2021-01-17 01:20:43,30.1005,67.9374,48.52,37,0,1.57
344,Tekeli,KZ,2021-01-17 01:20:44,44.83,78.8239,37.08,55,0,7.65
345,Peniche,PT,2021-01-17 01:20:44,39.3558,-9.3811,44.01,80,0,8.01
346,Tateyama,JP,2021-01-17 01:20:44,34.9833,139.8667,46.99,53,100,4.0
347,Saint Anthony,US,2021-01-17 01:20:44,45.0205,-93.218,27.0,80,90,10.36
348,Huntsville,US,2021-01-17 01:16:41,34.7304,-86.5861,39.99,60,90,6.51
349,Gravelbourg,CA,2021-01-17 01:20:44,49.8834,-106.5512,24.8,74,0,16.11
350,Saskylakh,RU,2021-01-17 01:18:45,71.9167,114.0833,-19.82,86,100,7.31
351,Beringovskiy,RU,2021-01-17 01:20:44,63.05,179.3167,-8.21,89,100,11.27
352,Tongren,CN,2021-01-17 01:20:44,27.7172,109.1853,37.9,85,96,3.13
353,Mogadishu,SO,2021-01-17 01:20:44,2.0371,45.3438,76.12,86,0,19.15
354,Svobodnyy,RU,2021-01-17 01:20:44,51.4,128.1333,-19.57,87,99,2.66
355,Capoterra,IT,2021-01-17 01:20:44,39.1763,8.9718,46.0,100,20,4.61
356,Mount Isa,AU,2021-01-17 01:18:49,-20.7333,139.5,95.0,13,0,13.8
357,Jardim,BR,2021-01-17 01:20:44,-21.4803,-56.1381,74.59,95,100,5.1
358,Omsukchan,RU,2021-01-17 01:20:44,62.5333,155.8,-36.0,79,95,5.53
359,Los Llanos De Aridane,ES,2021-01-17 01:19:12,28.6585,-17.9182,64.4,59,90,5.75
360,Longyearbyen,SJ,2021-01-17 01:18:56,78.2186,15.6401,21.2,73,75,8.05
361,Udgir,IN,2021-01-17 01:20:44,18.3833,77.1167,66.76,64,36,5.32
362,Sanming,CN,2021-01-17 01:20:44,26.2486,117.6186,48.22,72,100,4.65
363,Moree,AU,2021-01-17 01:20:45,-29.4667,149.85,84.2,24,0,8.05
364,Scarborough,GB,2021-01-17 01:20:45,54.2797,-0.4044,39.0,85,99,4.0
365,Old Orchard Beach,US,2021-01-17 01:20:45,43.5173,-70.3775,44.6,100,90,8.05
366,Coari,BR,2021-01-17 01:20:45,-4.085,-63.1414,75.6,94,50,1.83
367,Oxelosund,SE,2021-01-17 01:20:45,58.6706,17.1015,26.6,93,75,3.44
368,San Jeronimo,PE,2021-01-17 01:20:45,-11.9472,-75.2829,49.3,77,100,6.46
369,Roma,US,2021-01-17 01:19:13,43.2128,-75.4557,35.6,69,90,14.97
370,Barra Do Garcas,BR,2021-01-17 01:20:45,-15.89,-52.2567,73.02,91,100,4.43
371,Quatre Cocos,MU,2021-01-17 01:20:45,-20.2078,57.7625,80.01,83,40,10.36
372,Viet Tri,VN,2021-01-17 01:20:45,21.3019,105.4308,60.8,88,75,11.5
373,San Juan De La Vega,MX,2021-01-17 01:20:46,20.6333,-100.7667,64.99,32,100,2.57
374,Muli,MV,2021-01-17 01:20:46,2.9167,73.5667,81.64,70,86,8.48
375,Yaan,NG,2021-01-17 01:19:09,7.3833,8.5667,75.87,29,63,6.22
376,Vila Velha,BR,2021-01-17 01:16:58,-20.3297,-40.2925,77.0,83,0,4.61
377,Hovd,MN,2021-01-17 01:19:13,48.0056,91.6419,-3.19,84,1,2.04
378,Berlevag,NO,2021-01-17 01:18:45,70.8578,29.0864,33.89,90,100,20.13
379,Guilin,CN,2021-01-17 01:20:46,25.2819,110.2864,44.6,61,90,15.66
380,Balkanabat,TM,2021-01-17 01:20:46,39.5108,54.3671,52.3,44,100,13.22
381,Lexington,US,2021-01-17 01:19:20,37.9887,-84.4777,33.01,93,90,12.66
382,Dehloran,IR,2021-01-17 01:20:46,32.6941,47.2679,58.66,39,100,4.94
383,Kandrian,PG,2021-01-17 01:20:46,-6.2167,149.55,86.88,64,84,4.61
384,Ambilobe,MG,2021-01-17 01:19:01,-13.2,49.05,73.71,93,94,1.41
385,Kampot,KH,2021-01-17 01:20:46,10.6167,104.1833,77.0,78,40,8.05
386,Maralal,KE,2021-01-17 01:20:46,1.0968,36.698,56.88,83,0,3.8
387,Bom Conselho,BR,2021-01-17 01:20:46,-9.1697,-36.6797,66.99,94,11,10.69
388,Teya,RU,2021-01-17 01:18:51,60.3778,92.6267,-10.61,86,100,3.56
389,Roebourne,AU,2021-01-17 01:20:46,-20.7833,117.1333,97.66,31,64,14.27
390,Kazachinskoye,RU,2021-01-17 01:20:47,57.6953,93.2761,2.12,93,100,2.48
391,Oga,IT,2021-01-17 01:20:47,46.4631,10.347,28.99,92,40,1.14
392,Bengkulu,ID,2021-01-17 01:18:41,-3.8004,102.2655,78.12,69,100,4.7
393,Ariogala,LT,2021-01-17 01:20:47,55.2667,23.4667,-5.8,77,76,1.14
394,Mount Gambier,AU,2021-01-17 01:20:47,-37.8333,140.7667,66.2,45,40,4.61
395,Bocas Del Toro,PA,2021-01-17 01:20:47,9.3333,-82.25,78.71,77,100,9.04
396,Burgeo,CA,2021-01-17 01:20:47,47.6167,-57.6152,29.19,92,100,8.57
397,Two Rivers,US,2021-01-17 01:20:47,44.1539,-87.5693,33.8,80,90,8.05
398,Salihorsk,BY,2021-01-17 01:20:47,52.7876,27.5415,-7.74,89,83,3.18
399,Moerai,PF,2021-01-17 01:20:47,-22.4333,-151.3333,80.17,72,15,9.86
400,Boyuibe,BO,2021-01-17 01:20:47,-20.4167,-63.2833,74.12,80,100,6.15
401,Lorengau,PG,2021-01-17 01:19:01,-2.0226,147.2712,84.38,77,74,11.79
402,Antalaha,MG,2021-01-17 01:20:47,-14.9003,50.2788,75.58,85,2,5.03
403,Pailon,BO,2021-01-17 01:20:47,-17.65,-62.75,77.0,94,75,16.11
404,Southbridge,US,2021-01-17 01:18:50,42.0751,-72.0334,37.99,73,100,1.01
405,Kang,BW,2021-01-17 01:20:48,-23.6752,22.7876,74.91,33,95,12.44
406,Havoysund,NO,2021-01-17 01:20:48,70.9963,24.6622,35.6,93,75,9.22
407,Kajaani,FI,2021-01-17 01:20:48,64.2273,27.7285,19.4,100,90,3.44
408,Manzanillo,CU,2021-01-17 01:20:48,20.3433,-77.1167,74.41,86,76,3.69
409,Biak,ID,2021-01-17 01:20:48,-0.9131,122.8766,79.02,77,100,3.36
410,Shingu,JP,2021-01-17 01:20:48,33.7333,135.9833,46.4,46,75,19.57
411,Nome,US,2021-01-17 01:18:53,64.5011,-165.4064,12.2,67,90,6.91
412,Guarda,PT,2021-01-17 01:16:33,40.5373,-7.2658,34.0,36,0,2.68
413,Coihueco,CL,2021-01-17 01:20:48,-36.6167,-71.8333,73.4,33,0,10.36
414,Porto Belo,BR,2021-01-17 01:20:48,-27.1578,-48.5531,80.6,89,75,11.5
415,Nabire,ID,2021-01-17 01:20:48,-3.3667,135.4833,82.2,81,100,0.6
416,Tual,ID,2021-01-17 01:20:48,-5.6667,132.75,81.14,86,100,19.84
417,Hibbing,US,2021-01-17 01:20:48,47.4272,-92.9377,23.0,93,90,5.75
418,Kokkola,FI,2021-01-17 01:20:48,63.8385,23.1307,28.4,100,20,4.61
419,Qom,IR,2021-01-17 01:20:48,34.6401,50.8764,43.0,64,0,2.21
420,Shipunovo,RU,2021-01-17 01:20:48,52.1582,82.2173,10.71,88,100,11.74
421,Yantal,RU,2021-01-17 01:18:57,56.8471,105.2542,-36.94,78,1,2.89
422,Luau,AO,2021-01-17 01:18:55,-10.7073,22.2247,62.08,99,100,3.24
423,Laizhou,CN,2021-01-17 01:20:49,37.1717,119.9214,24.31,79,0,7.72
424,Ust-Uda,RU,2021-01-17 01:20:49,54.1742,103.0304,-8.19,90,100,1.66
425,Tarko-Sale,RU,2021-01-17 01:18:48,64.9225,77.785,-2.78,92,100,15.28
426,Dingle,PH,2021-01-17 01:20:49,10.9995,122.6711,78.69,87,100,13.47
427,Moron,AR,2021-01-17 01:20:49,-34.6534,-58.6198,70.0,89,56,5.99
428,Turukhansk,RU,2021-01-17 01:20:49,65.8167,87.9833,-21.87,81,100,13.67
429,Tamara,HN,2021-01-17 01:20:49,14.15,-87.3333,66.2,94,75,11.5
430,Aswan,EG,2021-01-17 01:18:42,24.0934,32.907,54.09,50,0,6.42
431,Ayr,GB,2021-01-17 01:20:22,55.4627,-4.6339,42.8,81,75,12.66
432,Mubende,UG,2021-01-17 01:20:49,0.5606,31.39,62.67,86,99,1.54
433,Henties Bay,NA,2021-01-17 01:18:41,-22.116,14.2845,68.0,83,0,1.99
434,Kabardinka,RU,2021-01-17 01:20:49,44.6514,37.9428,35.01,68,100,18.16
435,Fort Nelson,CA,2021-01-17 01:15:10,58.8053,-122.7002,15.8,86,75,1.3
436,Coquimbo,CL,2021-01-17 01:18:50,-29.9533,-71.3436,59.0,88,0,8.05
437,Kenai,US,2021-01-17 01:19:14,60.5544,-151.2583,35.6,64,20,26.46
438,Okato,NZ,2021-01-17 01:20:49,-39.2,173.8833,69.01,87,87,10.0
439,Catamarca,AR,2021-01-17 01:20:49,-28.4696,-65.7852,63.0,99,100,1.99
440,Lebyazhye,RU,2021-01-17 01:20:49,55.2689,66.4947,10.71,94,0,11.56
441,Tuensang,IN,2021-01-17 01:20:49,26.2833,94.8333,50.52,82,95,3.51
442,Campina Verde,BR,2021-01-17 01:20:49,-19.5356,-49.4864,73.27,82,100,6.46
443,Loikaw,MM,2021-01-17 01:20:50,19.6742,97.2094,54.52,62,0,1.88
444,Ginda,IN,2021-01-17 01:20:50,30.6945,78.4932,46.36,39,0,5.21
445,Bilibino,RU,2021-01-17 01:19:15,68.0546,166.4372,-16.94,85,91,1.05
446,Orlik,RU,2021-01-17 01:18:59,52.5178,99.825,-3.77,84,100,3.56
447,Dudinka,RU,2021-01-17 01:20:50,69.4058,86.1778,-26.54,75,48,7.38
448,Porto Novo,BJ,2021-01-17 01:20:50,6.4965,2.6036,80.6,89,40,9.22
449,Leshukonskoye,RU,2021-01-17 01:18:41,64.8989,45.7622,-14.49,87,13,0.69
450,Arlit,NE,2021-01-17 01:20:50,18.7369,7.3853,68.23,20,0,8.57
451,Belaya Gora,RU,2021-01-17 01:19:08,68.5333,146.4167,-25.49,86,100,1.43
452,Dawlatabad,AF,2021-01-17 01:20:50,36.4141,64.9053,37.76,77,0,0.85
453,Umm Lajj,SA,2021-01-17 01:19:18,25.0213,37.2685,66.33,56,0,6.89
454,Kousseri,CM,2021-01-17 01:20:50,12.0769,15.0306,68.0,32,0,5.75
455,Arraial Do Cabo,BR,2021-01-17 01:18:59,-22.9661,-42.0278,75.9,83,0,26.02
456,Sola,VU,2021-01-17 01:20:50,-13.8833,167.55,89.6,74,75,6.91
457,Atig,RU,2021-01-17 01:20:50,56.6931,59.4227,10.74,94,95,9.75
458,Emilio Carranza,MX,2021-01-17 01:20:50,19.9711,-96.6114,64.38,79,100,2.86
459,Inhambane,MZ,2021-01-17 01:18:58,-23.865,35.3833,79.93,87,100,9.1
460,Amreli,IN,2021-01-17 01:20:50,21.6167,71.2333,57.92,61,0,4.9
461,Komsomolskiy,UZ,2021-01-17 01:20:51,40.4272,71.7189,30.2,74,0,4.61
462,Praia Da Vitoria,PT,2021-01-17 01:19:04,38.7333,-27.0667,62.6,94,75,22.28
463,Tomatlan,MX,2021-01-17 01:20:51,19.9333,-105.25,71.06,68,0,3.11
464,Asau,RO,2021-01-17 01:20:51,46.4333,26.4,5.0,92,0,6.91
465,Havre-Saint-Pierre,CA,2021-01-17 01:18:42,50.2334,-63.5986,24.8,93,90,11.5
466,Araouane,ML,2021-01-17 01:18:59,18.9048,-3.5265,58.19,29,43,13.24
467,Banepa,NP,2021-01-17 01:20:51,27.6298,85.5214,50.0,87,75,2.3
468,Portland,US,2021-01-17 01:19:12,45.5234,-122.6762,48.2,76,90,6.91
469,Margate,GB,2021-01-17 01:18:49,51.3813,1.3862,44.01,82,100,1.99
470,Barcelona,ES,2021-01-17 01:20:51,41.3888,2.159,46.99,75,20,9.22
471,Lasa,IT,2021-01-17 01:20:51,46.6166,10.7002,25.0,73,0,8.05
472,Marienburg,PL,2021-01-17 01:20:51,54.0359,19.0266,8.01,100,8,5.1
473,Shyroke,UA,2021-01-17 01:20:51,47.6917,33.2571,3.0,78,0,11.18
474,Jos,NG,2021-01-17 01:20:51,9.9167,8.9,60.98,29,0,3.13
475,Campo Formoso,BR,2021-01-17 01:20:51,-10.5075,-40.3214,71.01,65,75,8.63
476,Hutchinson,US,2021-01-17 01:20:52,38.0608,-97.9298,39.2,41,75,4.61
477,Baykit,RU,2021-01-17 01:18:57,61.67,96.37,-28.62,79,100,4.03
478,Tazovskiy,RU,2021-01-17 01:20:52,67.4667,78.7,-15.5,88,100,17.56
479,Grindavik,IS,2021-01-17 01:18:51,63.8424,-22.4338,35.6,93,75,19.57
480,Sakakah,SA,2021-01-17 01:20:52,29.9697,40.2064,46.4,57,0,4.61
481,Novoaleksandrovsk,RU,2021-01-17 01:20:52,45.4948,41.2207,27.64,93,100,15.99
482,Saint-Pierre,RE,2021-01-17 01:19:07,-21.3393,55.4781,77.0,78,0,5.75
483,Sisimiut,GL,2021-01-17 01:20:52,66.9395,-53.6735,16.66,84,100,18.81
484,Ramsar,IR,2021-01-17 01:20:52,36.9226,50.6426,51.8,87,90,2.17
485,San Carlos De Bariloche,AR,2021-01-17 01:20:52,-41.1456,-71.3082,59.0,63,0,20.71
486,Ust-Maya,RU,2021-01-17 01:20:52,60.4167,134.5333,-35.95,82,100,3.02
487,Iquitos,PE,2021-01-17 01:20:52,-3.7481,-73.2472,77.0,88,75,4.61
488,Boca Do Acre,BR,2021-01-17 01:20:52,-8.7522,-67.3978,75.56,84,100,2.77
489,Skibbereen,IE,2021-01-17 01:20:52,51.55,-9.2667,41.0,81,40,9.22
490,Christchurch,NZ,2021-01-17 01:20:52,-43.5333,172.6333,79.0,33,0,23.02
491,Carutapera,BR,2021-01-17 01:20:53,-1.195,-46.02,78.15,81,0,6.08
492,Broome,US,2021-01-17 01:19:01,42.2506,-75.833,32.0,86,1,8.05
493,Wukari,NG,2021-01-17 01:20:53,7.85,9.7833,72.7,22,54,2.95
494,Zabaykalsk,RU,2021-01-17 01:20:53,49.6333,117.3167,-14.93,85,32,11.74
495,Trincomalee,LK,2021-01-17 01:20:53,8.5711,81.2335,78.49,84,74,8.99
496,Verkhoyansk,RU,2021-01-17 01:20:53,67.5447,133.385,-44.37,76,78,0.04
497,Zemio,CF,2021-01-17 01:20:53,5.0314,25.1361,64.72,39,100,1.7
498,Hare Bay,CA,2021-01-17 01:20:53,48.8499,-54.0148,24.8,93,71,3.44
499,Rumoi,JP,2021-01-17 01:18:22,43.9344,141.6428,18.07,89,91,5.84
500,Aasiaat,GL,2021-01-17 01:20:53,68.7098,-52.8699,8.02,84,85,16.64
501,Maniitsoq,GL,2021-01-17 01:18:10,65.4167,-52.9,21.61,86,100,23.24
502,Zyryanovsk,KZ,2021-01-17 01:20:53,49.7386,84.2719,-2.88,78,88,0.85
503,Aldan,RU,2021-01-17 01:20:53,58.6031,125.3894,-42.43,81,100,0.6
504,Marsh Harbour,BS,2021-01-17 01:20:53,26.5412,-77.0636,67.59,63,69,16.98
505,Lancaster,US,2021-01-17 01:20:53,40.2504,-76.2499,39.2,60,40,11.5
506,Omaha,US,2021-01-17 01:20:35,41.2586,-95.9378,28.4,80,90,13.8
507,Namtsy,RU,2021-01-17 01:19:02,62.7161,129.6658,-45.4,59,90,3.27
508,Ossora,RU,2021-01-17 01:19:07,59.2353,163.0719,-10.21,88,100,8.95
509,Iglesias,IT,2021-01-17 01:20:53,39.3114,8.535,45.0,87,20,1.14
510,Abu Samrah,SY,2021-01-17 01:20:53,35.3029,37.1841,50.58,66,100,13.15
511,Doka,SD,2021-01-17 01:20:54,13.5167,35.7667,68.83,38,0,10.98
512,Amapa,BR,2021-01-17 01:19:12,1.0,-52.0,72.14,98,85,2.84
513,Shahr-E Babak,IR,2021-01-17 01:20:54,30.1165,55.1186,40.41,65,0,5.53
514,Sao Raimundo Nonato,BR,2021-01-17 01:20:54,-9.0153,-42.6994,75.15,51,99,2.68
515,Muroto,JP,2021-01-17 01:20:54,33.2833,134.15,50.0,37,75,6.91
516,Inirida,CO,2021-01-17 01:20:54,3.8653,-67.9239,74.98,93,0,2.66
517,Fort Dix,US,2021-01-17 01:16:02,40.0298,-74.6185,41.0,65,1,9.22
518,Molina,CL,2021-01-17 01:20:54,-35.1167,-71.2833,73.4,31,0,4.61
519,Barcelos,PT,2021-01-17 01:20:54,41.5388,-8.6151,42.01,93,0,2.3
520,Yenagoa,NG,2021-01-17 01:18:44,4.9247,6.2642,75.49,90,48,3.56
521,Humaita,BR,2021-01-17 01:20:54,-7.5061,-63.0208,75.38,91,100,1.54
522,Pioner,RU,2021-01-17 01:20:54,55.3166,85.9508,15.8,62,0,11.18
523,Aksarka,RU,2021-01-17 01:19:02,66.5606,67.7975,-11.43,90,99,12.57
524,Grand-Lahou,CI,2021-01-17 01:20:54,5.1367,-5.0242,78.85,85,0,9.33
525,Athabasca,CA,2021-01-17 01:15:10,54.7169,-113.2854,26.6,68,5,6.91
526,Muros,ES,2021-01-17 01:18:57,42.7762,-9.0603,51.01,92,4,3.78
527,Mao,ES,2021-01-17 01:18:42,39.8885,4.2658,48.2,81,0,8.05
528,Pringsewu,ID,2021-01-17 01:18:50,-5.3582,104.9744,78.22,80,100,1.1
529,Fukue,JP,2021-01-17 01:20:54,32.6881,128.8419,39.2,65,75,17.27
530,Ketchikan,US,2021-01-17 01:20:54,55.3422,-131.6461,42.8,100,90,17.27
531,Tongchuan,CN,2021-01-17 01:20:54,35.0806,109.0897,23.76,64,0,4.56
532,Snyder,US,2021-01-17 01:20:54,32.7179,-100.9176,46.4,39,1,6.91
533,Raga,SS,2021-01-17 01:20:54,8.4596,25.678,64.63,27,100,3.62
534,Acajutla,SV,2021-01-17 01:16:22,13.5928,-89.8275,79.0,73,13,1.92
535,Ludvika,SE,2021-01-17 01:20:54,60.1496,15.1878,21.2,93,90,1.1
536,Bridlington,GB,2021-01-17 01:20:55,54.0831,-0.1919,39.0,86,100,3.0
537,Swan Hill,AU,2021-01-17 01:20:55,-35.3378,143.5544,71.17,31,0,10.09
538,Sorland,NO,2021-01-17 01:20:55,67.667,12.6934,37.49,80,24,3.44
539,Maragogi,BR,2021-01-17 01:20:55,-9.0122,-35.2225,77.41,81,67,10.87
540,Namatanai,PG,2021-01-17 01:17:20,-3.6667,152.4333,84.74,70,81,12.62
541,Egvekinot,RU,2021-01-17 01:18:58,66.3167,-179.1667,-14.85,86,100,14.52
542,Freeport,US,2021-01-17 01:19:49,40.6576,-73.5832,39.99,65,1,11.5
543,Filotion,GR,2021-01-17 01:20:55,37.05,25.5,45.0,76,60,21.85
544,Klaksvik,FO,2021-01-17 01:18:44,62.2266,-6.589,41.0,100,75,10.36
545,Itoman,JP,2021-01-17 01:19:10,26.1247,127.6694,60.8,72,75,31.07
546,San Rafael Del Sur,NI,2021-01-17 01:20:55,11.8485,-86.4384,80.6,69,40,6.91
547,Hollins,US,2021-01-17 01:20:55,37.3413,-79.9431,35.6,51,40,14.97
548,Mikhaylovsk,RU,2021-01-17 01:20:55,45.1283,42.0256,26.6,93,90,17.9
549,Arman,RU,2021-01-17 01:20:55,59.7,150.1667,-12.53,79,100,10.94
550,Jiuquan,CN,2021-01-17 01:20:55,39.7432,98.5174,14.9,60,0,1.66
551,Erdemli,TR,2021-01-17 01:20:55,36.605,34.3084,54.73,77,55,2.3
552,Agadez,NE,2021-01-17 01:19:11,19.75,10.25,59.65,32,0,10.94
553,Alice Springs,AU,2021-01-17 01:20:56,-23.7,133.8833,77.0,25,75,14.97
554,Carballo,ES,2021-01-17 01:16:03,43.213,-8.691,52.0,93,90,4.61
555,Tyukhtet,RU,2021-01-17 01:20:56,56.5389,89.3011,10.29,92,95,5.08
556,Prince Rupert,CA,2021-01-17 01:16:19,54.3161,-130.3201,44.6,81,90,23.02
557,Sitka,US,2021-01-17 01:18:43,57.0531,-135.33,46.4,66,90,24.16
558,Soyo,AO,2021-01-17 01:19:06,-6.1349,12.3689,78.06,80,77,4.92
559,Mmabatho,ZA,2021-01-17 01:20:57,-25.85,25.6333,68.0,64,88,5.75
560,Manado,ID,2021-01-17 01:16:19,1.487,124.8455,82.4,78,20,2.3
561,Merauke,ID,2021-01-17 01:20:57,-8.4667,140.3333,85.75,70,100,7.16
562,La Cruz,MX,2021-01-17 01:20:57,23.9167,-106.9,62.01,86,0,1.99
563,Jaciara,BR,2021-01-17 01:20:57,-15.9653,-54.9683,73.36,93,100,3.58
564,Hofn,IS,2021-01-17 01:19:05,64.2539,-15.2082,41.47,67,100,21.09
565,Boundiali,CI,2021-01-17 01:20:57,9.5217,-6.4869,65.77,24,0,2.08
566,Rio Claro,BR,2021-01-17 01:20:57,-22.4114,-47.5614,73.99,83,75,6.91
567,Xifeng,CN,2021-01-17 01:20:57,42.7372,124.7222,1.9,88,0,12.88
568,Zhanaozen,KZ,2021-01-17 01:19:08,43.3,52.8,35.26,86,100,10.0
569,Port Lincoln,AU,2021-01-17 01:20:57,-34.7333,135.8667,66.02,64,84,11.65
570,Patacamaya,BO,2021-01-17 01:20:57,-17.2333,-67.9167,46.31,79,100,7.43
571,Mugla,TR,2021-01-17 01:18:47,37.2303,28.3557,48.2,100,40,3.44
